"","x"
"1","TCGA-BH-A0HO"
"2","TCGA-BH-A0EE"
"3","TCGA-BH-A18V"
"4","TCGA-AN-A0XO"
"5","TCGA-AR-A1AK"
"6","TCGA-AR-A2LH"
"7","TCGA-C8-A26X"
"8","TCGA-BH-A1F6"
"9","TCGA-A2-A04R"
"10","TCGA-EW-A1IW"
"11","TCGA-D8-A1Y2"
"12","TCGA-WT-AB44"
"13","TCGA-E2-A10A"
"14","TCGA-AR-A1AI"
"15","TCGA-OL-A97C"
"16","TCGA-D8-A1JI"
"17","TCGA-EW-A2FS"
"18","TCGA-EW-A1J6"
"19","TCGA-AN-A0FK"
"20","TCGA-BH-A0AU"
"21","TCGA-C8-A26W"
"22","TCGA-D8-A1JN"
"23","TCGA-E9-A1R3"
"24","TCGA-E9-A24A"
"25","TCGA-5T-A9QA"
"26","TCGA-E9-A295"
"27","TCGA-A2-A25D"
"28","TCGA-S3-AA14"
"29","TCGA-C8-A274"
"30","TCGA-AN-A0FX"
"31","TCGA-A2-A0EO"
"32","TCGA-AO-A0J9"
"33","TCGA-AO-A0JE"
"34","TCGA-BH-A0DP"
"35","TCGA-AC-A6IX"
"36","TCGA-AO-A03R"
"37","TCGA-E2-A1BC"
"38","TCGA-BH-A0B3"
"39","TCGA-A8-A0A7"
"40","TCGA-C8-A278"
"41","TCGA-AN-A0AJ"
"42","TCGA-PE-A5DE"
"43","TCGA-EW-A1OZ"
"44","TCGA-BH-A0HI"
"45","TCGA-AC-A3OD"
"46","TCGA-A2-A0CT"
"47","TCGA-B6-A0WV"
"48","TCGA-A8-A07O"
"49","TCGA-AR-A0U1"
"50","TCGA-B6-A0IE"
"51","TCGA-AC-A5XS"
"52","TCGA-GM-A2DM"
"53","TCGA-A1-A0SD"
"54","TCGA-AR-A24P"
"55","TCGA-Z7-A8R5"
"56","TCGA-EW-A1OX"
"57","TCGA-A8-A09B"
"58","TCGA-EW-A6SD"
"59","TCGA-A2-A1FX"
"60","TCGA-B6-A0I5"
"61","TCGA-AO-A0J4"
"62","TCGA-A7-A26G"
"63","TCGA-E2-A1IJ"
"64","TCGA-C8-A12Z"
"65","TCGA-E9-A1R5"
"66","TCGA-BH-A1FE"
"67","TCGA-D8-A27K"
"68","TCGA-C8-A3M7"
"69","TCGA-A8-A081"
"70","TCGA-E9-A2JT"
"71","TCGA-5L-AAT1"
"72","TCGA-AO-A12H"
"73","TCGA-E9-A1R7"
"74","TCGA-E9-A244"
"75","TCGA-BH-A1FU"
"76","TCGA-E2-A10C"
"77","TCGA-E2-A1LH"
"78","TCGA-A7-A13D"
"79","TCGA-E9-A1ND"
"80","TCGA-A8-A09T"
"81","TCGA-BH-A6R9"
"82","TCGA-AN-A04D"
"83","TCGA-A2-A0EQ"
"84","TCGA-AN-A0AK"
"85","TCGA-AR-A0TX"
"86","TCGA-AC-A2FB"
"87","TCGA-BH-A1FG"
"88","TCGA-E2-A14Q"
"89","TCGA-AC-A2BM"
"90","TCGA-S3-AA0Z"
"91","TCGA-A8-A06O"
"92","TCGA-E2-A1IK"
"93","TCGA-BH-A1FR"
"94","TCGA-BH-A0BC"
"95","TCGA-E2-A576"
"96","TCGA-A8-A07J"
"97","TCGA-LL-A8F5"
"98","TCGA-E9-A1NG"
"99","TCGA-EW-A1PE"
"100","TCGA-C8-A12T"
"101","TCGA-E2-A1B4"
"102","TCGA-AC-A8OQ"
"103","TCGA-E9-A228"
"104","TCGA-A8-A09W"
"105","TCGA-E2-A1B0"
"106","TCGA-A2-A0ST"
"107","TCGA-D8-A1JA"
"108","TCGA-D8-A27R"
"109","TCGA-BH-A0E2"
"110","TCGA-A2-A1G0"
"111","TCGA-OL-A6VQ"
"112","TCGA-BH-A0EI"
"113","TCGA-A2-A0YT"
"114","TCGA-B6-A0RM"
"115","TCGA-E2-A14V"
"116","TCGA-E9-A1RE"
"117","TCGA-PE-A5DC"
"118","TCGA-LL-A740"
"119","TCGA-E9-A1NI"
"120","TCGA-BH-A0C0"
"121","TCGA-E9-A5FK"
"122","TCGA-D8-A1X7"
"123","TCGA-AN-A0XU"
"124","TCGA-AR-A0U3"
"125","TCGA-A2-A3KD"
"126","TCGA-AR-A256"
"127","TCGA-A2-A0EN"
"128","TCGA-A2-A0T2"
"129","TCGA-A7-A56D"
"130","TCGA-AR-A2LK"
"131","TCGA-E9-A1NA"
"132","TCGA-E9-A1RI"
"133","TCGA-BH-A18K"
"134","TCGA-V7-A7HQ"
"135","TCGA-BH-A1F0"
"136","TCGA-BH-A0H9"
"137","TCGA-A2-A0ER"
"138","TCGA-D8-A141"
"139","TCGA-AR-A24O"
"140","TCGA-OL-A66K"
"141","TCGA-D8-A1JS"
"142","TCGA-E9-A1RH"
"143","TCGA-C8-A3M8"
"144","TCGA-A8-A07P"
"145","TCGA-B6-A0WX"
"146","TCGA-BH-A0DZ"
"147","TCGA-AQ-A0Y5"
"148","TCGA-AN-A0FJ"
"149","TCGA-A2-A0YF"
"150","TCGA-A7-A13E"
"151","TCGA-AN-A0XS"
"152","TCGA-S3-AA15"
"153","TCGA-A7-A4SD"
"154","TCGA-C8-A1HL"
"155","TCGA-AN-A0FT"
"156","TCGA-A2-A0SV"
"157","TCGA-D8-A1XY"
"158","TCGA-AQ-A04H"
"159","TCGA-AN-A0AL"
"160","TCGA-B6-A2IU"
"161","TCGA-A8-A08C"
"162","TCGA-A8-A09K"
"163","TCGA-BH-A28Q"
"164","TCGA-A2-A0SU"
"165","TCGA-GM-A2DA"
"166","TCGA-D8-A1JM"
"167","TCGA-LL-A5YO"
"168","TCGA-B6-A0IB"
"169","TCGA-AN-A0XR"
"170","TCGA-EW-A1J2"
"171","TCGA-EW-A1J1"
"172","TCGA-LL-A50Y"
"173","TCGA-GM-A2D9"
"174","TCGA-OL-A66J"
"175","TCGA-OL-A5D6"
"176","TCGA-A1-A0SM"
"177","TCGA-A2-A0YE"
"178","TCGA-EW-A6S9"
"179","TCGA-A8-A09Q"
"180","TCGA-E2-A156"
"181","TCGA-E2-A153"
"182","TCGA-BH-A0HL"
"183","TCGA-C8-A132"
"184","TCGA-A2-A04N"
"185","TCGA-E9-A54Y"
"186","TCGA-C8-A12K"
"187","TCGA-D8-A146"
"188","TCGA-B6-A0RE"
"189","TCGA-A2-A0YL"
"190","TCGA-AR-A2LM"
"191","TCGA-A8-A093"
"192","TCGA-D8-A1XT"
"193","TCGA-A2-A0CX"
"194","TCGA-B6-A0I8"
"195","TCGA-A8-A0A1"
"196","TCGA-A2-A0CK"
"197","TCGA-AC-A2BK"
"198","TCGA-E2-A155"
"199","TCGA-BH-A1EY"
"200","TCGA-E2-A15M"
"201","TCGA-A7-A26I"
"202","TCGA-EW-A423"
"203","TCGA-EW-A1J5"
"204","TCGA-AC-A7VB"
"205","TCGA-AR-A1AX"
"206","TCGA-A1-A0SQ"
"207","TCGA-BH-A18L"
"208","TCGA-E2-A1LB"
"209","TCGA-A2-A0YC"
"210","TCGA-BH-A0AY"
"211","TCGA-A2-A0SX"
"212","TCGA-AR-A1AU"
"213","TCGA-A2-A0YK"
"214","TCGA-A2-A0CU"
"215","TCGA-A2-A0YG"
"216","TCGA-BH-A0HA"
"217","TCGA-BH-A0BG"
"218","TCGA-E2-A15K"
"219","TCGA-AR-A5QM"
"220","TCGA-B6-A0IA"
"221","TCGA-AR-A0TS"
"222","TCGA-C8-A12Y"
"223","TCGA-BH-A18J"
"224","TCGA-D8-A4Z1"
"225","TCGA-OL-A5D7"
"226","TCGA-D8-A1JL"
"227","TCGA-A7-A13F"
"228","TCGA-A2-A0YM"
"229","TCGA-E2-A154"
"230","TCGA-BH-A0DT"
"231","TCGA-A8-A06X"
"232","TCGA-EW-A1P0"
"233","TCGA-A2-A4S2"
"234","TCGA-BH-A0BO"
"235","TCGA-A8-A06Y"
"236","TCGA-B6-A0RP"
"237","TCGA-A8-A06P"
"238","TCGA-E9-A22G"
"239","TCGA-HN-A2OB"
"240","TCGA-BH-A0BV"
"241","TCGA-D8-A1JF"
"242","TCGA-AC-A6NO"
"243","TCGA-B6-A0IH"
"244","TCGA-A8-A08P"
"245","TCGA-E2-A14W"
"246","TCGA-BH-A0E0"
"247","TCGA-GM-A5PV"
"248","TCGA-AN-A046"
"249","TCGA-GI-A2C8"
"250","TCGA-B6-A0RU"
"251","TCGA-E9-A1RA"
"252","TCGA-EW-A6SB"
"253","TCGA-BH-A1FN"
"254","TCGA-AO-A1KS"
"255","TCGA-A2-A04U"
"256","TCGA-BH-A18G"
"257","TCGA-A8-A095"
"258","TCGA-AO-A0J2"
"259","TCGA-BH-A0B9"
"260","TCGA-XX-A899"
"261","TCGA-AR-A0TP"
"262","TCGA-BH-A0E7"
"263","TCGA-A8-A07W"
"264","TCGA-AR-A252"
"265","TCGA-E2-A15C"
"266","TCGA-AR-A24V"
"267","TCGA-BH-A0H3"
"268","TCGA-AR-A2LR"
"269","TCGA-EW-A1IY"
"270","TCGA-A8-A07Z"
"271","TCGA-D8-A13Y"
"272","TCGA-D8-A27N"
"273","TCGA-E9-A245"
"274","TCGA-B6-A0RG"
"275","TCGA-AO-A0JG"
"276","TCGA-E2-A1L6"
"277","TCGA-EW-A1PH"
"278","TCGA-AC-A5EI"
"279","TCGA-OL-A66N"
"280","TCGA-D8-A27M"
"281","TCGA-D8-A1XA"
"282","TCGA-EW-A2FR"
"283","TCGA-A2-A04T"
"284","TCGA-BH-A0H0"
"285","TCGA-A8-A091"
"286","TCGA-AC-A8OS"
"287","TCGA-AO-A0JJ"
"288","TCGA-EW-A6SA"
"289","TCGA-AR-A2LL"
"290","TCGA-A2-A0T0"
"291","TCGA-E2-A14P"
"292","TCGA-C8-A12X"
"293","TCGA-A2-A0T3"
"294","TCGA-A1-A0SF"
"295","TCGA-E9-A3QA"
"296","TCGA-D8-A1JK"
"297","TCGA-EW-A1P8"
"298","TCGA-A2-A1FZ"
"299","TCGA-BH-A0AV"
"300","TCGA-S3-AA17"
"301","TCGA-C8-A12P"
"302","TCGA-E2-A14X"
"303","TCGA-AC-A8OR"
"304","TCGA-A8-A079"
"305","TCGA-BH-A1EW"
"306","TCGA-AO-A0JB"
"307","TCGA-E9-A2JS"
"308","TCGA-LL-A9Q3"
"309","TCGA-BH-A0DS"
"310","TCGA-E2-A1IG"
"311","TCGA-A2-A04Y"
"312","TCGA-UU-A93S"
"313","TCGA-AQ-A54O"
"314","TCGA-AN-A0AS"
"315","TCGA-B6-A401"
"316","TCGA-W8-A86G"
"317","TCGA-AR-A1AV"
"318","TCGA-AN-A049"
"319","TCGA-BH-A0H6"
"320","TCGA-A1-A0SI"
"321","TCGA-E2-A15T"
"322","TCGA-AR-A1AY"
"323","TCGA-AO-A12F"
"324","TCGA-BH-A0EB"
"325","TCGA-PL-A8LV"
"326","TCGA-AR-A2LQ"
"327","TCGA-AC-A2B8"
"328","TCGA-A1-A0SN"
"329","TCGA-E2-A14R"
"330","TCGA-BH-A0GY"
"331","TCGA-LL-A440"
"332","TCGA-BH-A18U"
"333","TCGA-A2-A04V"
"334","TCGA-BH-A0BP"
"335","TCGA-AO-A0JI"
"336","TCGA-D8-A1XG"
"337","TCGA-E9-A3HO"
"338","TCGA-E2-A14Y"
"339","TCGA-D8-A27F"
"340","TCGA-A7-A6VY"
"341","TCGA-AC-A2FG"
"342","TCGA-BH-A0BQ"
"343","TCGA-BH-A0W7"
"344","TCGA-BH-A0HF"
"345","TCGA-AN-A03Y"
"346","TCGA-A8-A09I"
"347","TCGA-A2-A3XW"
"348","TCGA-D8-A1JU"
"349","TCGA-GM-A2DF"
"350","TCGA-OL-A5S0"
"351","TCGA-BH-A0DH"
"352","TCGA-AR-A5QN"
"353","TCGA-JL-A3YX"
"354","TCGA-A8-A07U"
"355","TCGA-A8-A08Z"
"356","TCGA-A8-A06T"
"357","TCGA-AC-A5EH"
"358","TCGA-E9-A1QZ"
"359","TCGA-EW-A1P4"
"360","TCGA-A8-A09X"
"361","TCGA-E2-A1B1"
"362","TCGA-E9-A1N4"
"363","TCGA-BH-A0BT"
"364","TCGA-C8-A8HQ"
"365","TCGA-E2-A1IH"
"366","TCGA-BH-A203"
"367","TCGA-LL-A5YL"
"368","TCGA-C8-A27B"
"369","TCGA-BH-A18F"
"370","TCGA-E9-A6HE"
"371","TCGA-BH-A0B6"
"372","TCGA-C8-A273"
"373","TCGA-A2-A0ES"
"374","TCGA-A7-A6VV"
"375","TCGA-BH-A0DQ"
"376","TCGA-A2-A25B"
"377","TCGA-GM-A3XL"
"378","TCGA-A2-A3XU"
"379","TCGA-AO-A0J3"
"380","TCGA-E2-A1B6"
"381","TCGA-D8-A145"
"382","TCGA-A8-A092"
"383","TCGA-B6-A0RS"
"384","TCGA-BH-A0HQ"
"385","TCGA-E2-A15H"
"386","TCGA-D8-A147"
"387","TCGA-A2-A0T6"
"388","TCGA-AN-A0XV"
"389","TCGA-A8-A06Q"
"390","TCGA-C8-A131"
"391","TCGA-BH-A201"
"392","TCGA-A8-A09E"
"393","TCGA-AR-A24Z"
"394","TCGA-LD-A66U"
"395","TCGA-S3-A6ZG"
"396","TCGA-GM-A2DK"
"397","TCGA-AO-A03L"
"398","TCGA-AR-A24N"
"399","TCGA-A7-A6VX"
"400","TCGA-E9-A5FL"
"401","TCGA-C8-A26Y"
"402","TCGA-B6-A0IJ"
"403","TCGA-S3-AA11"
"404","TCGA-A8-A09A"
"405","TCGA-EW-A1P6"
"406","TCGA-AN-A04C"
"407","TCGA-AC-A8OP"
"408","TCGA-A8-A08B"
"409","TCGA-E2-A15J"
"410","TCGA-C8-A137"
"411","TCGA-BH-A0RX"
"412","TCGA-A8-A06Z"
"413","TCGA-A8-A09V"
"414","TCGA-D8-A1J8"
"415","TCGA-A1-A0SG"
"416","TCGA-A8-A076"
"417","TCGA-XX-A89A"
"418","TCGA-C8-A12Q"
"419","TCGA-C8-A275"
"420","TCGA-BH-A0HW"
"421","TCGA-E2-A1L9"
"422","TCGA-BH-A5J0"
"423","TCGA-BH-A0BR"
"424","TCGA-OL-A5D8"
"425","TCGA-BH-A1EX"
"426","TCGA-D8-A1X6"
"427","TCGA-D8-A1JJ"
"428","TCGA-E9-A243"
"429","TCGA-A2-A0EX"
"430","TCGA-AQ-A04J"
"431","TCGA-A8-A0AB"
"432","TCGA-C8-A135"
"433","TCGA-OL-A66H"
"434","TCGA-4H-AAAK"
"435","TCGA-AC-A62V"
"436","TCGA-BH-A0C3"
"437","TCGA-AR-A1AW"
"438","TCGA-D8-A3Z6"
"439","TCGA-A8-A0A6"
"440","TCGA-B6-A1KC"
"441","TCGA-A8-A06R"
"442","TCGA-AC-A23E"
"443","TCGA-AC-A7VC"
"444","TCGA-OL-A66O"
"445","TCGA-AR-A1AJ"
"446","TCGA-C8-A12V"
"447","TCGA-B6-A0IC"
"448","TCGA-D8-A1XB"
"449","TCGA-AR-A2LE"
"450","TCGA-AN-A0G0"
"451","TCGA-E9-A247"
"452","TCGA-A2-A1G4"
"453","TCGA-BH-A0DG"
"454","TCGA-PE-A5DD"
"455","TCGA-E2-A1AZ"
"456","TCGA-A2-A0D4"
"457","TCGA-A8-A090"
"458","TCGA-E9-A1RD"
"459","TCGA-EW-A1IZ"
"460","TCGA-A7-A5ZW"
"461","TCGA-D8-A1XS"
"462","TCGA-D8-A1J9"
"463","TCGA-E2-A1IE"
"464","TCGA-EW-A1OY"
"465","TCGA-E9-A1NF"
"466","TCGA-GM-A2DI"
"467","TCGA-AR-A1AP"
"468","TCGA-C8-A12L"
"469","TCGA-AR-A0TU"
"470","TCGA-A7-A3RF"
"471","TCGA-BH-A0C7"
"472","TCGA-LD-A7W5"
"473","TCGA-E9-A1RF"
"474","TCGA-AN-A0XW"
"475","TCGA-C8-A1HO"
"476","TCGA-E2-A1IU"
"477","TCGA-AR-A24L"
"478","TCGA-AN-A0FN"
"479","TCGA-3C-AALK"
"480","TCGA-BH-A0E9"
"481","TCGA-A8-A08G"
"482","TCGA-AR-A5QP"
"483","TCGA-E2-A14N"
"484","TCGA-B6-A0RV"
"485","TCGA-E2-A1LK"
"486","TCGA-AO-A0J6"
"487","TCGA-E2-A15A"
"488","TCGA-BH-A0HP"
"489","TCGA-AN-A0FV"
"490","TCGA-D8-A27L"
"491","TCGA-AN-A04A"
"492","TCGA-A1-A0SJ"
"493","TCGA-A7-A26J"
"494","TCGA-BH-A1FH"
"495","TCGA-AQ-A1H3"
"496","TCGA-BH-A0BD"
"497","TCGA-A2-A0D1"
"498","TCGA-E9-A1R0"
"499","TCGA-E2-A1LG"
"500","TCGA-E2-A1LA"
"501","TCGA-A7-A5ZX"
"502","TCGA-GM-A2DC"
"503","TCGA-D8-A1XU"
"504","TCGA-AR-A254"
"505","TCGA-B6-A0WT"
"506","TCGA-B6-A1KF"
"507","TCGA-A2-A0CP"
"508","TCGA-A8-A06U"
"509","TCGA-AR-A24X"
"510","TCGA-A2-A04X"
"511","TCGA-A2-A0EP"
"512","TCGA-BH-A0BS"
"513","TCGA-OL-A5RZ"
"514","TCGA-BH-A0H7"
"515","TCGA-E9-A1RG"
"516","TCGA-D8-A1JD"
"517","TCGA-D8-A1X9"
"518","TCGA-AO-A0JD"
"519","TCGA-BH-A8FY"
"520","TCGA-A2-A3Y0"
"521","TCGA-S3-AA12"
"522","TCGA-AR-A0U2"
"523","TCGA-B6-A0RL"
"524","TCGA-AO-A03V"
"525","TCGA-S3-AA10"
"526","TCGA-AR-A1AL"
"527","TCGA-A1-A0SK"
"528","TCGA-A7-A4SC"
"529","TCGA-E2-A15O"
"530","TCGA-AN-A041"
"531","TCGA-C8-A1HI"
"532","TCGA-E9-A22B"
"533","TCGA-A2-A4S1"
"534","TCGA-GM-A3NW"
"535","TCGA-GM-A2DL"
"536","TCGA-EW-A6SC"
"537","TCGA-E2-A15G"
"538","TCGA-C8-A138"
"539","TCGA-AR-A24H"
"540","TCGA-E9-A226"
"541","TCGA-A8-A08S"
"542","TCGA-AC-A4ZE"
"543","TCGA-A2-A0CR"
"544","TCGA-C8-A1HE"
"545","TCGA-AO-A12D"
"546","TCGA-E2-A1L8"
"547","TCGA-BH-A0DI"
"548","TCGA-D8-A1XJ"
"549","TCGA-A8-A0AD"
"550","TCGA-A7-A0DB"
"551","TCGA-A2-A0T5"
"552","TCGA-E9-A1N3"
"553","TCGA-EW-A1OV"
"554","TCGA-OK-A5Q2"
"555","TCGA-C8-A1HJ"
"556","TCGA-E2-A150"
"557","TCGA-D8-A27E"
"558","TCGA-E9-A1N9"
"559","TCGA-D8-A1Y0"
"560","TCGA-LD-A74U"
"561","TCGA-D8-A1JE"
"562","TCGA-D8-A27G"
"563","TCGA-AN-A0XP"
"564","TCGA-C8-A133"
"565","TCGA-BH-A0B4"
"566","TCGA-E2-A14T"
"567","TCGA-A2-A04P"
"568","TCGA-BH-A0DE"
"569","TCGA-AN-A0FS"
"570","TCGA-BH-A0WA"
"571","TCGA-D8-A1JG"
"572","TCGA-D8-A1JH"
"573","TCGA-B6-A0WY"
"574","TCGA-AN-A0FL"
"575","TCGA-D8-A1Y1"
"576","TCGA-EW-A1P3"
"577","TCGA-BH-A18M"
"578","TCGA-AC-A2QH"
"579","TCGA-AO-A12A"
"580","TCGA-A1-A0SH"
"581","TCGA-E9-A22E"
"582","TCGA-A2-A3XZ"
"583","TCGA-OL-A5RU"
"584","TCGA-BH-A0BJ"
"585","TCGA-A2-A0CQ"
"586","TCGA-E9-A1R4"
"587","TCGA-WT-AB41"
"588","TCGA-E2-A1L7"
"589","TCGA-C8-A12O"
"590","TCGA-D8-A27T"
"591","TCGA-OL-A5RX"
"592","TCGA-A8-A09C"
"593","TCGA-A2-A04Q"
"594","TCGA-AO-A03P"
"595","TCGA-E2-A1II"
"596","TCGA-AR-A1AS"
"597","TCGA-BH-A1EO"
"598","TCGA-BH-A0HN"
"599","TCGA-BH-A8FZ"
"600","TCGA-EW-A2FW"
"601","TCGA-E2-A1BD"
"602","TCGA-AC-A3W5"
"603","TCGA-GM-A2DN"
"604","TCGA-BH-A0EA"
"605","TCGA-BH-A0AZ"
"606","TCGA-AC-A62X"
"607","TCGA-E2-A15S"
"608","TCGA-A2-A25A"
"609","TCGA-D8-A1XQ"
"610","TCGA-E2-A1IN"
"611","TCGA-AR-A24W"
"612","TCGA-BH-A204"
"613","TCGA-BH-A0H5"
"614","TCGA-A7-A0CD"
"615","TCGA-LL-A73Y"
"616","TCGA-E2-A2P6"
"617","TCGA-B6-A1KN"
"618","TCGA-E9-A22H"
"619","TCGA-A7-A0CE"
"620","TCGA-BH-A1FJ"
"621","TCGA-EW-A1IX"
"622","TCGA-HN-A2NL"
"623","TCGA-A7-A26H"
"624","TCGA-D8-A1JB"
"625","TCGA-AN-A0FF"
"626","TCGA-A1-A0SP"
"627","TCGA-E9-A1RB"
"628","TCGA-LD-A9QF"
"629","TCGA-AR-A1AT"
"630","TCGA-D8-A1JP"
"631","TCGA-BH-A8G0"
"632","TCGA-E2-A15D"
"633","TCGA-E2-A573"
"634","TCGA-AR-A0TT"
"635","TCGA-A2-A0SY"
"636","TCGA-E2-A15P"
"637","TCGA-A8-A08L"
"638","TCGA-E9-A1N8"
"639","TCGA-A7-A26F"
"640","TCGA-A2-A3XX"
"641","TCGA-BH-A0DL"
"642","TCGA-EW-A1PG"
"643","TCGA-AO-A0J8"
"644","TCGA-E2-A1IO"
"645","TCGA-BH-A0AW"
"646","TCGA-EW-A1P7"
"647","TCGA-BH-A0BZ"
"648","TCGA-C8-A1HF"
"649","TCGA-D8-A1X5"
"650","TCGA-AN-A0AT"
"651","TCGA-BH-A1F2"
"652","TCGA-C8-A1HM"
"653","TCGA-PL-A8LX"
"654","TCGA-A2-A1FV"
"655","TCGA-B6-A0I9"
"656","TCGA-GM-A2DO"
"657","TCGA-AR-A1AN"
"658","TCGA-B6-A0I1"
"659","TCGA-BH-A0W3"
"660","TCGA-C8-A1HK"
"661","TCGA-B6-A0IM"
"662","TCGA-AR-A250"
"663","TCGA-AQ-A7U7"
"664","TCGA-LL-A5YM"
"665","TCGA-A2-A0CM"
"666","TCGA-Z7-A8R6"
"667","TCGA-D8-A27P"
"668","TCGA-BH-A1FD"
"669","TCGA-A8-A083"
"670","TCGA-AR-A24Q"
"671","TCGA-AR-A24R"
"672","TCGA-OL-A5DA"
"673","TCGA-AR-A0U0"
"674","TCGA-A8-A096"
"675","TCGA-E9-A1R6"
"676","TCGA-C8-A130"
"677","TCGA-E2-A574"
"678","TCGA-5L-AAT0"
"679","TCGA-E2-A159"
"680","TCGA-AR-A24M"
"681","TCGA-A8-A07G"
"682","TCGA-BH-A18S"
"683","TCGA-AC-A3HN"
"684","TCGA-BH-A0DO"
"685","TCGA-AN-A0AM"
"686","TCGA-E9-A1NH"
"687","TCGA-D8-A1XC"
"688","TCGA-AC-A2FF"
"689","TCGA-A2-A0ET"
"690","TCGA-E9-A229"
"691","TCGA-AR-A0TR"
"692","TCGA-BH-A1FL"
"693","TCGA-AC-A23C"
"694","TCGA-A7-A425"
"695","TCGA-BH-A0HX"
"696","TCGA-LL-A7T0"
"697","TCGA-BH-A0GZ"
"698","TCGA-AN-A0FD"
"699","TCGA-AR-A5QQ"
"700","TCGA-BH-A0B0"
"701","TCGA-BH-A1F5"
"702","TCGA-E2-A56Z"
"703","TCGA-BH-A0HY"
"704","TCGA-C8-A134"
"705","TCGA-A2-A0CL"
"706","TCGA-D8-A27I"
"707","TCGA-BH-A0B8"
"708","TCGA-A8-A0A4"
"709","TCGA-GM-A4E0"
"710","TCGA-A8-A08R"
"711","TCGA-AC-A3YJ"
"712","TCGA-E2-A570"
"713","TCGA-B6-A0RI"
"714","TCGA-BH-A0W5"
"715","TCGA-BH-A1EN"
"716","TCGA-D8-A1JT"
"717","TCGA-A8-A08F"
"718","TCGA-BH-A2L8"
"719","TCGA-B6-A0RH"
"720","TCGA-C8-A1HN"
"721","TCGA-C8-A12N"
"722","TCGA-D8-A27V"
"723","TCGA-BH-A0HU"
"724","TCGA-A2-A0YJ"
"725","TCGA-BH-A0HK"
"726","TCGA-E2-A1LL"
"727","TCGA-E2-A15R"
"728","TCGA-A8-A0A2"
"729","TCGA-A7-A13G"
"730","TCGA-OL-A5RW"
"731","TCGA-A2-A1G1"
"732","TCGA-AR-A1AH"
"733","TCGA-BH-A0BM"
"734","TCGA-AR-A24S"
"735","TCGA-A2-A3XV"
"736","TCGA-B6-A40C"
"737","TCGA-OL-A66I"
"738","TCGA-E9-A22A"
"739","TCGA-BH-A1EV"
"740","TCGA-A2-A0SW"
"741","TCGA-BH-A42U"
"742","TCGA-BH-A6R8"
"743","TCGA-AC-A3QQ"
"744","TCGA-LL-A6FR"
"745","TCGA-AN-A03X"
"746","TCGA-BH-A1EU"
"747","TCGA-BH-A0BL"
"748","TCGA-A8-A08O"
"749","TCGA-D8-A1Y3"
"750","TCGA-E9-A227"
"751","TCGA-AO-A1KP"
"752","TCGA-E9-A3X8"
"753","TCGA-C8-A27A"
"754","TCGA-C8-A1HG"
"755","TCGA-AR-A0TW"
"756","TCGA-BH-AB28"
"757","TCGA-A2-A0YD"
"758","TCGA-B6-A0IN"
"759","TCGA-UL-AAZ6"
"760","TCGA-BH-A42V"
"761","TCGA-A8-A099"
"762","TCGA-D8-A1XF"
"763","TCGA-D8-A73U"
"764","TCGA-A2-A0CW"
"765","TCGA-B6-A0WS"
"766","TCGA-AN-A0FZ"
"767","TCGA-A2-A25E"
"768","TCGA-B6-A0RN"
"769","TCGA-B6-A0WZ"
"770","TCGA-D8-A143"
"771","TCGA-A8-A07F"
"772","TCGA-A8-A075"
"773","TCGA-A8-A08H"
"774","TCGA-B6-A0X1"
"775","TCGA-E9-A1N5"
"776","TCGA-AC-A6IW"
"777","TCGA-A7-A4SE"
"778","TCGA-AR-A0TQ"
"779","TCGA-BH-A18R"
"780","TCGA-BH-A0DD"
"781","TCGA-D8-A1X8"
"782","TCGA-LL-A5YN"
"783","TCGA-B6-A0I2"
"784","TCGA-BH-A209"
"785","TCGA-A2-A1G6"
"786","TCGA-A8-A07L"
"787","TCGA-OL-A66P"
"788","TCGA-OL-A5RV"
"789","TCGA-E2-A15I"
"790","TCGA-E2-A1LI"
"791","TCGA-E2-A152"
"792","TCGA-A2-A3XT"
"793","TCGA-E2-A9RU"
"794","TCGA-A8-A085"
"795","TCGA-E2-A14O"
"796","TCGA-EW-A1J3"
"797","TCGA-LL-A6FQ"
"798","TCGA-B6-A0X5"
"799","TCGA-A2-A0T4"
"800","TCGA-D8-A1JC"
"801","TCGA-A8-A09N"
"802","TCGA-AO-A1KT"
"803","TCGA-E2-A15E"
"804","TCGA-OL-A6VO"
"805","TCGA-E9-A22D"
"806","TCGA-OL-A66L"
"807","TCGA-BH-A0BA"
"808","TCGA-BH-A18T"
"809","TCGA-A7-A6VW"
"810","TCGA-A8-A09Z"
"811","TCGA-GM-A5PX"
"812","TCGA-A8-A097"
"813","TCGA-AO-A03O"
"814","TCGA-3C-AALI"
"815","TCGA-B6-A0RT"
"816","TCGA-AR-A0TY"
"817","TCGA-BH-A0E1"
"818","TCGA-BH-A18I"
"819","TCGA-D8-A1XO"
"820","TCGA-B6-A409"
"821","TCGA-BH-A18N"
"822","TCGA-E9-A249"
"823","TCGA-A8-A08J"
"824","TCGA-A7-A0D9"
"825","TCGA-D8-A1XW"
"826","TCGA-E9-A5UO"
"827","TCGA-AN-A0FW"
"828","TCGA-AR-A1AO"
"829","TCGA-AR-A2LO"
"830","TCGA-AN-A0XT"
"831","TCGA-BH-A1ES"
"832","TCGA-A2-A0EY"
"833","TCGA-B6-A0X0"
"834","TCGA-A7-A0CJ"
"835","TCGA-PL-A8LZ"
"836","TCGA-A2-A1FW"
"837","TCGA-GM-A2DD"
"838","TCGA-LL-A5YP"
"839","TCGA-AO-A0J5"
"840","TCGA-A2-A0EM"
"841","TCGA-E2-A572"
"842","TCGA-OL-A6VR"
"843","TCGA-BH-A0C1"
"844","TCGA-D8-A13Z"
"845","TCGA-EW-A2FV"
"846","TCGA-GM-A2DH"
"847","TCGA-A2-A0CS"
"848","TCGA-A8-A0A9"
"849","TCGA-AC-A5XU"
"850","TCGA-AR-A251"
"851","TCGA-A1-A0SO"
"852","TCGA-B6-A0RO"
"853","TCGA-E9-A1R2"
"854","TCGA-OL-A5RY"
"855","TCGA-BH-A1F8"
"856","TCGA-A2-A0D3"
"857","TCGA-A2-A0EW"
"858","TCGA-A1-A0SE"
"859","TCGA-A2-A0EV"
"860","TCGA-AN-A0FY"
"861","TCGA-AC-A62Y"
"862","TCGA-LL-A73Z"
"863","TCGA-BH-A1ET"
"864","TCGA-AO-A03T"
"865","TCGA-E2-A14Z"
"866","TCGA-E9-A248"
"867","TCGA-BH-A1FC"
"868","TCGA-3C-AALJ"
"869","TCGA-B6-A40B"
"870","TCGA-D8-A1XK"
"871","TCGA-C8-A26Z"
"872","TCGA-LD-A7W6"
"873","TCGA-A2-A0T1"
"874","TCGA-BH-A0B7"
"875","TCGA-BH-A0DV"
"876","TCGA-E2-A1LS"
"877","TCGA-AR-A1AQ"
"878","TCGA-E2-A1B5"
"879","TCGA-AO-A0J7"
"880","TCGA-E2-A158"
"881","TCGA-BH-A208"
"882","TCGA-EW-A1PD"
"883","TCGA-AC-A3YI"
"884","TCGA-AO-A128"
"885","TCGA-D8-A73X"
"886","TCGA-AR-A0TZ"
"887","TCGA-C8-A8HP"
"888","TCGA-A2-A0YH"
"889","TCGA-A8-A08X"
"890","TCGA-AR-A24U"
"891","TCGA-BH-A0DX"
"892","TCGA-D8-A142"
"893","TCGA-EW-A1PB"
"894","TCGA-EW-A1P5"
"895","TCGA-B6-A0IK"
"896","TCGA-BH-A202"
"897","TCGA-AC-A23H"
"898","TCGA-A8-A09M"
"899","TCGA-D8-A27W"
"900","TCGA-AC-A6IV"
"901","TCGA-AR-A255"
"902","TCGA-S3-A6ZH"
"903","TCGA-A2-A0EU"
"904","TCGA-A2-A0T7"
"905","TCGA-BH-A0BW"
"906","TCGA-AO-A0JM"
"907","TCGA-A8-A09D"
"908","TCGA-BH-A1FM"
"909","TCGA-A2-A0D0"
"910","TCGA-A2-A25C"
"911","TCGA-D8-A1XL"
"912","TCGA-A7-A26E"
"913","TCGA-E9-A1NC"
"914","TCGA-A7-A2KD"
"915","TCGA-C8-A12M"
"916","TCGA-AO-A0JC"
"917","TCGA-D8-A1XV"
"918","TCGA-A8-A094"
"919","TCGA-AO-A124"
"920","TCGA-E2-A15L"
"921","TCGA-A2-A4S3"
"922","TCGA-A2-A0D2"
"923","TCGA-BH-A18H"
"924","TCGA-AO-A0JF"
"925","TCGA-AN-A0AR"
"926","TCGA-BH-A0HB"
"927","TCGA-GM-A2DB"
"928","TCGA-B6-A0X4"
"929","TCGA-AR-A0TV"
"930","TCGA-B6-A0I6"
"931","TCGA-E2-A1IL"
"932","TCGA-AN-A0XN"
"933","TCGA-D8-A1XR"
"934","TCGA-BH-A0BF"
"935","TCGA-A2-A25F"
"936","TCGA-A7-A0CG"
"937","TCGA-D8-A1XM"
"938","TCGA-AO-A1KR"
"939","TCGA-LL-A7SZ"
"940","TCGA-D8-A140"
"941","TCGA-A8-A08T"
"942","TCGA-B6-A1KI"
"943","TCGA-A8-A07I"
"944","TCGA-AR-A2LN"
"945","TCGA-D8-A1XZ"
"946","TCGA-E9-A1NE"
"947","TCGA-BH-A0B5"
"948","TCGA-S3-A6ZF"
"949","TCGA-BH-A0DK"
"950","TCGA-BH-A0W4"
"951","TCGA-LL-A6FP"
"952","TCGA-B6-A0WW"
"953","TCGA-AO-A0JA"
"954","TCGA-AC-A2FO"
"955","TCGA-BH-A5IZ"
"956","TCGA-E2-A1IF"
"957","TCGA-AR-A24T"
"958","TCGA-EW-A1PA"
"959","TCGA-AR-A24K"
"960","TCGA-BH-A18P"
"961","TCGA-3C-AAAU"
"962","TCGA-C8-A12U"
"963","TCGA-C8-A12W"
"964","TCGA-A2-A04W"
"965","TCGA-BH-A18Q"
"966","TCGA-AO-A1KO"
"967","TCGA-C8-A26V"
"968","TCGA-A2-A0CV"
"969","TCGA-D8-A73W"
"970","TCGA-A2-A0YI"
"971","TCGA-A8-A07B"
"972","TCGA-A8-A09G"
"973","TCGA-B6-A0RQ"
"974","TCGA-A2-A259"
"975","TCGA-E9-A1RC"
"976","TCGA-A8-A082"
"977","TCGA-C8-A8HR"
"978","TCGA-A7-A0DA"
"979","TCGA-AR-A1AR"
"980","TCGA-AC-A3QP"
"981","TCGA-BH-A0B1"
"982","TCGA-C8-A9FZ"
"983","TCGA-AQ-A1H2"
